"X1","X2","X3","X4","X5","X6","X7","X8","X9","Y"
0.145892397784628,25.9293259769361,36.4696294713868,37.0219683672963,3.91998480251059,17.3105510797333,3.0075823980337,10.1003133186139,0.145014195791446,"1"
0.0930821417830884,28.3801889445093,40.12982620853,36.1282871545674,3.12439266601577,20.811264892431,2.71367103227181,9.06730630965903,0.538546741891187,"1"
0.202609552610666,25.631715359956,38.3808290979164,39.6281686247932,4.04884810643271,20.8110795044396,2.71132351174252,9.01175770051777,0.53262089682743,"1"
0.144393912432715,25.7204324282259,36.2186680972651,36.7197927270299,4.03121862187982,22.2189028833555,2.76848911825335,10.8571448858827,0.838609987911768,"0"
0.0469628640916199,21.4505101827402,31.7187421692386,31.9702795274733,4.00414850981906,22.2199675032804,2.77460363812745,11.0316317548975,0.838813653672114,"1"
0.0426864398038015,24.9697558482895,36.2214821635596,36.4687761188913,3.94375307234004,22.2183819706533,2.77948095771717,11.0749642161652,0.816624598042108,"1"
0.0474327353900299,30.9715366684059,36.2201776083047,36.1310929955738,1.95770908305421,22.218507657445,2.78182385149878,10.9590327079408,0.83594127480872,"1"
0.0456490813102573,28.2499693589099,36.2186258871891,36.1286007828359,2.13044029604644,20.3095474289162,0.60608593753539,1.81250055460259,2.40626768334769,"0"
0.203104226063006,33.7488062564526,36.2212478915816,36.129082758842,1.82827067449689,20.3112608373817,0.609506606734358,2.07418506769463,2.40809052833123,"1"
0.202179023725912,32.2509943715315,36.2187522647837,36.1289538592817,2.07198231872171,20.3108716707304,0.59551967037376,1.98775808764622,2.41381071070209,"0"
0.204251276860014,22.7489240207048,33.7482139939545,34.7515155936675,3.96215746933594,20.3111486338051,0.596264986151364,2.10918077556416,2.40658876698464,"1"
0.100993435145356,21.7517727215467,31.7484099658616,32.0009664017316,4.12311500860378,20.3107885701964,0.604394067360554,2.00380744775757,2.40607849664753,"1"
0.0524067742330954,24.7309906426687,35.2498656575512,35.7517441733601,3.84449820164591,21.641911480505,2.70949484478682,9.88436180958524,0.21632027662592,"1"
0.0465125479828566,21.7317932908656,34.5002676118715,34.7517024231488,3.89085006192327,21.6405437017074,2.69356729306513,10.1325582005084,0.220214812117629,"1"
0.202985122674145,26.7505627235202,37.2501910345545,41.7487353736181,2.99405895033851,21.6398135746382,2.70829506063368,9.95187952546403,0.237898871430662,"0"
0.0561757284449413,22.9800942203132,33.5018259451315,33.9984801975256,3.9902090638876,21.6385213259161,2.6930951782898,10.0077536889352,0.234179532488342,"1"
0.0478978091897443,22.7289627839681,33.7485848828284,34.0013086829493,3.87429307233542,21.6385186943179,2.70848748533987,9.9900399598293,0.232010981810745,"1"
0.049920892752707,23.4802172162188,34.2481846866971,35.7510950389085,4.08491806881502,21.6400156507529,2.68945665983716,10.1615078915842,0.223506863708608,"1"
0.0404428532812744,25.4806545104496,37.0004388538282,37.7516685773274,4.12598623232916,21.6409347138526,2.70616748805391,10.1856777107343,0.213738765770104,"1"
0.0430816958798096,25.2291179523831,36.7502958836462,36.9994420867376,4.15720917973667,21.6390664134305,2.68583187829703,10.0250219393522,0.22317387166433,"1"
0.0476121569890529,22.5490797762247,33.5800369641045,35.079958242924,4.17347620250657,19.1403496826533,2.71284904091852,9.16289235576987,0.537338011404499,"1"
0.0513999676238745,22.8007483558888,34.3280472838907,35.5818176925322,3.81296221762896,19.1385750655234,2.69327323181089,8.87879987629131,0.517708796092775,"1"
0.0476150559308007,22.0483784733145,32.3293819638584,32.5809320537727,3.88629523608834,19.1381704245303,2.69979879356688,9.17123674713075,0.536108278746251,"1"
0.0941223171586171,24.0504874361753,35.0485589382164,35.5507357410332,3.82469584783539,19.1398647458889,2.70973659989191,8.81783444965258,0.539803157192655,"1"
0.0409844924882054,22.0217831246322,32.7999957298841,34.2999311369034,4.11394684202969,19.1383709641201,2.70896370019298,9.07194309532642,0.512988087893464,"0"
0.0423175229970366,21.0191885043113,32.3013662629118,33.3011288859034,3.89291721191257,19.1396116438825,2.71299939513439,8.81285366751254,0.512456481303088,"1"
0.045235984926112,24.6799664965384,37.9816835760102,38.2506650792379,4.13391567589715,19.9192958167801,2.38958064612933,8.00768432375044,0.586565613148268,"1"
0.154174831886776,26.4994058661545,41.0998646086967,42.1284506318066,3.80459384648129,19.9183675239617,2.40614122794941,7.99860024536028,0.589515036412049,"1"
0.0540929546393454,26.230378334811,39.2815368044153,40.0687835180759,3.84874477302656,19.918222770297,2.38530111870496,8.11604189863428,0.603135941927321,"1"
0.0904480320494622,26.2299124260629,39.0319196628937,39.7984078941038,3.86325207985938,19.9187653551353,2.41351574779255,8.1254790992476,0.592573864641599,"1"
0.205254573440179,25.449368391485,37.6214157654978,38.131414138048,3.80409365724772,29.9013113343259,2.69001563807717,9.07810952719301,0.595238634995185,"1"
0.101638988475315,33.3801896167742,36.2200411483999,36.1307641294645,1.96143696019426,20.3180657345112,2.98924218113534,10.1112432404421,0.232797993903514,"1"
0.0483734105620533,33.3802140662828,36.2184565678546,36.1312268732842,1.9829625133425,20.3182759311162,3.00431517431047,10.1055308568291,0.220573159181513,"1"
0.0904251742456108,27.6782139363177,39.8510758670438,39.8496372789443,4.03769583711401,20.3194250433072,2.98944702961715,9.89519484369084,0.238032426852733,"1"
0.0527392332628369,24.7296465647388,36.9809019795945,38.4814874507729,3.89029984334484,21.2289648131989,2.11368816428818,10.1585136624053,1.48878923369804,"1"
0.146385086658411,29.4796385562588,41.9788853362696,42.2307253415985,3.96648837793618,21.2291700686067,2.10841882284963,10.0888566703536,1.50443542302819,"1"
0.0571665648091584,22.9498787305346,34.0814849730525,34.3505118815247,3.98810338499025,20.0797973163249,2.98845224257093,10.1586855402216,0.296816442883573,"1"
0.150402078875341,23.5284866165863,32.5803235908113,33.0800233745212,4.05643701190129,17.9713442207314,2.69379241860006,8.99167078603059,0.52841962194303,"1"
0.0457607615366578,23.0302830872256,33.0785781456567,36.8288772538779,3.81992130735889,17.9683240409242,2.71457393129356,8.81563239246607,0.515398451120127,"1"
0.194642657483928,24.2780009334665,35.0784984480124,35.3293357472122,4.13788397200406,17.9688397973208,2.69773506852798,9.12970659667626,0.516548806261271,"1"
0.0936923716776073,24.2804121288974,35.080397917958,37.8305034783026,4.04016360463575,17.9684716276349,2.70625905876048,9.04232686785981,0.53900789815234,"1"
0.0466792393289506,30.3312701685345,41.8288870644141,43.0804170863815,2.03380822325125,17.9719662453588,2.70066126570571,8.95229574562982,0.531166294303257,"0"
0.0582924540527165,29.6292088128598,41.349174055771,31.6292083319817,4.89821433890611,16.6686186609808,2.68555474345805,8.90367256170139,0.519183092562016,"0"
0.0443384209927171,29.9293101492291,41.3501410902776,43.0312039443944,4.8374922176823,16.6712298442256,2.68898515873589,8.83168252967298,0.532126153938007,"1"
0.0504601042205468,32.7188966259696,36.2185369926058,36.1303367845267,2.06453487956896,16.6719839559048,2.71151244500885,9.07153136525303,0.532987703438848,"0"
0.0569907456357032,31.7698731358368,44.5212020198144,44.5206192406267,2.18222543615848,19.6484388589747,2.0220589002315,9.13213561922312,0.361296327402815,"1"
0.148009481895715,30.5206190112904,42.019893163533,42.2708558500493,2.03403738569468,19.6493338208618,2.03858715300215,8.82861240375787,0.389881706556771,"0"
0.0449250746378675,27.7686479116445,39.2707165499823,39.2686055852305,4.12649443401024,19.650466508802,2.03101683545625,9.18300195094198,0.361150992074981,"1"
0.155070405085571,26.7686834993334,37.271400929681,37.7719350025021,4.10094165699556,19.6500280233398,2.0273207174032,8.89893115581945,0.388913695716765,"1"
0.0485037744697183,24.118327058211,36.6216925540753,39.8684468803462,3.8361590469256,30.8010060040643,3.31495305402903,10.8124226463027,0.160758630714845,"1"
0.0995612206449732,22.3705540344436,33.8719269254198,34.3699501824901,3.94838195135817,30.8000514141954,3.31154824388679,11.1256823359057,0.151401553333271,"1"
0.0903790323389694,21.1193838338573,32.619367077277,33.1181014413526,3.9808348365128,30.7998622742724,3.28969599204836,10.8496723828837,0.136179215409793,"1"
0.159242312405258,22.6216315689152,33.8698880420644,33.8696959636109,4.96947754686698,30.8015011212928,3.31438521384727,11.008004899323,0.147939823816996,"1"
0.202362214657478,21.1219220637772,32.8696535003269,33.8686009481335,3.85608074590564,30.799113630428,3.28550012328895,10.9165019211359,0.159137210547924,"1"
0.0478765577403829,30.5507140410896,36.2202964244736,36.1290768441968,1.93607597202063,21.4782064575264,2.69919471076224,8.94887694306672,0.143434749534354,"1"
0.0487809206778184,27.7988398199333,39.7998590375651,40.2995620008362,2.10310396077111,21.4795635976726,2.70381522059441,8.8391749641858,0.135615378501825,"1"
0.0442382632149383,26.2293786060456,36.9711178000942,37.219142671139,3.85548498062417,21.0896558441073,0.30059310244862,1.80200851485133,2.0101488594152,"1"
0.0434138162992895,29.6207856172081,42.9990146031985,43.7792539139306,2.02775552738458,21.0886662932988,0.30737156432122,2.12928539821878,2.0177651348873,"1"
0.0451830059709027,27.2782207394149,39.3210221515019,42.4791597726652,4.02112425556406,21.0891082184222,0.295094369910657,1.86292946459725,2.03814958416391,"1"
0.059105138797313,28.3206221557455,40.8798569400692,41.4191326860497,3.11848289212212,21.0891286054291,0.299743227590807,2.10595375532284,2.01209886104101,"1"
0.0473200921993703,26.0505399120795,38.5704863686031,39.3181874846416,3.91502838134766,24.6716370669799,2.69798146159155,9.01555157247931,0.370201409370638,"1"
0.0512968250131235,24.7706918328824,34.8197619275348,35.0714271130739,4.07499505355954,24.671749458502,2.71486064631958,9.13890716182068,0.371851418183651,"1"
0.0417191401543096,24.5202630986273,36.3196765871048,37.0705980556896,3.81036656722426,24.6688202027362,2.71210128930397,9.10467987516895,0.364768946561962,"1"
0.0541510546859354,26.0498657868057,38.318736495506,38.56961614173,3.90892419945449,24.66827759316,2.69812065633014,9.13499055840075,0.363453837409616,"0"
0.15431844512932,34.3218180202106,36.2184685938656,36.1296228137799,1.93783257836476,24.6681069038697,2.70929318450158,8.8837187461555,0.378141697326209,"1"
0.0420097231026739,22.1800869910931,32.0716317540836,32.5698016459812,3.87293192073703,24.6692832921874,2.69829644370591,9.07842725198716,0.361290224315599,"1"
0.601263673161156,25.2311982553471,35.2296977849146,36.728788911663,2.13642052225769,28.8898845609399,3.29336743836757,11.0947537804954,1.05586647620425,"0"
0.105228538629599,22.4782939529587,33.4787447106298,33.9783835369106,4.06307082017884,28.8892633155752,3.30940221109427,11.1859198372811,1.03570686615771,"1"
0.0519128838879988,23.4786113910135,34.3218669812009,34.5704927916229,3.99262406593189,23.440211248544,1.78703224821249,8.98891197172925,1.35995340532623,"0"
0.0599436025554314,24.248329929661,34.5681059623631,34.5702992720166,4.1422385238111,23.4405036756201,1.79541680140654,9.18598377248272,1.36278785043396,"0"
0.156069293660112,22.9814177634902,34.0686208061129,35.3295437205955,3.87025727136061,23.4387421151847,1.80428648601752,9.1913517604582,1.34901568503818,"0"
0.0537128017703071,21.7290846705828,33.0303952907072,33.3016818448408,3.86017978042364,23.4410775435753,1.81013927392429,9.15797936143354,1.34124439337058,"1"
0.140172797441483,28.1494124241183,41.8700682416391,42.1293618422458,3.90474247522652,19.5302794608008,2.38943976156414,9.023380107712,0.604009159603156,"1"
0.14905705882702,27.6294627974192,40.5682624687431,40.8314621130079,4.17547098211944,19.530378600467,2.39488415843574,8.97609953666106,0.596512061599642,"0"
0.597962654842995,25.5218562145168,36.7702197072851,37.0516643343186,4.0579335834831,22.0599114171555,2.40090882377699,7.87082912428305,0.297005253557581,"0"
0.604614562192,25.5214674293147,36.7710878914418,37.0495350272991,3.8674847879447,22.0608443949781,2.11403761980822,9.05593249173835,0.373274403826799,"0"
0.150407257773913,24.3990793568417,34.829102366074,35.3809845986143,5.10290604233742,22.0583849450182,2.39484928728081,7.97623554524034,0.293876235424541,"0"
0.144371541370638,24.4013203268945,34.8282481674189,35.3807015524283,5.06014423938468,22.0619034718582,2.10641007434344,8.93641118211672,0.38412394748535,"0"
0.107471703416668,22.0486585448273,32.7214467778634,32.9713501755083,3.998255050648,22.4302968377955,2.08535778642632,8.96990099940449,0.158957267361693,"1"
0.0520030918018892,24.051887223159,35.7008093916532,35.9501129872939,3.98060205811635,22.42907309689,2.10649018866476,9.0227176678367,0.143021575093735,"1"
0.0526986958226189,24.7984207880171,35.4718956680968,36.2218294656696,5.13362333979458,22.4290549448431,2.11339954013005,9.03818293949589,0.145305962883867,"1"
0.108413156964816,22.2987973434851,33.2197193393502,34.7183981042467,4.04748994698748,22.4310432805251,2.10761464709882,9.11005566744134,0.143639105760958,"1"
0.108591360971332,29.9498692021593,36.2204601003826,36.1306868746271,2.06628660121933,22.428967355595,2.10497442034772,9.14419116210192,0.141434663662221,"0"
0.0540892031649128,20.4217556752497,30.7218419866906,30.9684893353106,4.03998347287998,22.4305343747139,2.09605604269775,8.92824562145397,0.149456623946317,"1"
0.046114967497997,22.7995720561473,34.6999935401799,34.9519411631469,3.90394246401265,22.4297359478157,2.10048672697507,9.13011046824977,0.140786024881527,"1"
0.0531403228221461,25.049527208739,36.2182539696228,36.9694770296644,4.09546339083463,22.4307284417246,2.09947348613525,9.00929446695372,0.145593235425185,"1"
0.050791398184374,20.0792461395673,29.9299761887398,30.6808145771846,4.08573176469654,26.8388906947188,3.6111041272874,11.9773274731822,0.382667990284972,"1"
0.0526623463258147,23.3285825004028,33.4283757565925,34.4301584187569,3.86711134528741,26.8418780834256,3.59182185701793,12.0531639736146,0.377031874624081,"1"
0.0570826867641881,21.0780002573114,31.931630439044,33.6797566585178,3.94504762589931,26.8402462465344,3.60352107626852,12.1199874999002,0.387641409281641,"1"
0.159665216743015,28.931013877295,40.1799533874197,40.6817226493154,3.85842508990318,26.8398806114467,3.59761043462204,11.9810293581337,0.362800643050578,"0"
0.0440804558573291,23.5782336517116,34.1812813270315,34.9291882597264,3.91946084182709,26.839391838409,3.61484147596406,11.8656729714014,0.36067198991077,"1"
0.0413274973258376,20.8488127590548,31.4303557866523,32.4315569247054,3.94182756720111,26.8382939087711,3.59264036555076,12.1789661156945,0.369284745866898,"1"
0.0588024764228612,24.2699918790516,35.2783444582457,35.7809701294256,3.82664541928098,18.3716782650761,2.99082524280762,10.1405833672732,0.909997819822747,"1"
0.155876953555271,31.0283551357696,41.3185201532319,41.5711179761663,4.17733521219343,18.368635400027,3.00477125523845,10.1298777876422,0.910587859537918,"1"
0.149987350027077,24.2701634007338,35.0306797198895,35.5286743932031,2.88679408663884,18.3709490067922,3.0074674170278,9.81612899564207,0.889589133651462,"1"
0.144241400035098,26.0307578584105,37.8186630028058,37.8206470453953,4.12288713632151,18.370085325269,2.99041043641046,10.0897305504419,0.910882110705134,"1"
0.19863514456898,24.0205819199439,35.0308421805613,36.0286763790501,4.05482620187104,18.3684707613857,2.98731815305771,9.94038739548996,0.907812716611661,"1"
0.0937878224393353,28.7794461101908,39.3202664947398,39.8185580325024,3.9585911850445,18.3683311554398,3.00702168865129,10.1392313501798,0.904483581790701,"0"
0.0500965614011511,19.9492135665119,30.0288888111617,30.2808467122689,4.02368620783091,18.3681694254531,2.98771604126086,10.1765194088221,0.890839865610469,"1"
0.0446330730896443,25.5314786848482,36.8212951106997,38.5696936409874,3.84409332340583,18.3707360351337,3.00424137239344,9.82024092851207,0.914195791601669,"1"
0.0495033689402044,22.2489103388879,32.2789445463596,32.7810567208752,4.1094900617376,18.3693398482567,2.99657257833984,9.93807206302881,0.898692277246155,"1"
0.191176373334602,22.6207189754881,32.4997252793992,33.0289030720256,3.11774053126574,21.1010147327306,2.70296118018217,9.11383610712364,1.0588345812005,"0"
0.0545351427001879,28.8480133017814,40.5018225835953,41.6005372280609,3.82650524210185,28.9119573538359,2.98947116271593,9.9757943958044,0.886075394076761,"1"
0.148946512951516,25.2283701842064,35.23079791224,35.7805255263737,4.18883962184191,28.9083547513364,3.01272760419175,9.86590074980631,0.904846076946706,"1"
0.202942057624459,27.1789103377825,39.6706977795064,42.2509231962739,4.13064653268084,28.9102744638771,2.99457247373415,10.1003445483744,0.9062023944268,"1"
0.207214586543851,37.019836418476,36.218790503134,36.1300553672602,1.90831986265257,16.8190404074034,2.98837217522319,9.90288415569812,0.459229365619831,"0"
0.502682712236419,28.5706427162662,40.0702762228064,40.5693643795364,3.04126431047916,23.2317180812107,2.69034333300311,9.08248070841655,0.511440944338683,"1"
0.103648755396716,24.0710785893863,35.318429841673,36.5688646846209,4.00182329360396,23.2318826186815,2.70519630129682,8.99274601731449,0.526350980841089,"1"
0.0913684437517077,23.0517767636199,34.3192451231116,34.5705263476418,3.89576879236847,23.2285723516112,2.6979560136376,9.13861382715404,0.523580881857779,"0"
0.105423172079027,24.0710615543872,36.0717292515337,36.069905961629,2.8984128402546,23.2319451972079,2.70297413912136,9.02781785316765,0.53114876174368,"0"
0.292107785865664,25.5199679282783,37.0493037342746,37.298609204784,4.0276529817842,23.0103020213991,2.68947285115952,8.87610632134601,0.537731906021945,"1"
0.195467753899284,28.5182412258051,38.0503013285873,38.299877969373,3.97408307073638,23.0118569749538,2.6874829904479,9.10448668608442,0.52128988972865,"1"
0.504879816770554,21.2480982354907,32.5215708327051,32.7710927159842,2.93187972903252,23.0089041134473,2.69551822958048,9.13650745777413,0.533725165540818,"0"
0.0997578930761665,28.521404476651,38.0502875849791,39.0481620025979,4.17551297452301,23.0108987444108,2.70134047168773,8.82216488374397,0.529988037329167,"1"
0.20558454434853,23.521323950463,32.7694156072484,34.5496002747118,4.19305400811136,23.0095111949015,2.6991161226877,9.04210442043841,0.514057223964483,"1"
0.20450650984887,22.5501015224792,34.7990467136297,35.0495591904605,3.86009813845158,20.8203069253108,2.69852676633513,8.97656985167414,0.763833508542739,"0"
0.208923371070996,23.0505675921422,35.2993399670133,35.7993803728474,3.96086534271017,20.8215548086185,2.70233836555621,9.02413246016949,0.736011939689051,"0"
0.0507397167151794,22.6496022665491,33.14925044904,33.1493249171181,3.93676080107689,19.3314479251923,3.28748750792351,11.0151077467017,0.538236284460872,"1"
0.0568589465133846,23.8999467332978,33.3983727387972,33.6492386770882,4.14841814003885,19.3293218388576,3.29675497597083,11.1628685436212,0.53562310449779,"1"
0.0496210631122813,19.6180603868132,28.6498287761509,28.9004127281057,8.05653266357258,19.3307561151423,3.28732518700417,11.0088260965422,0.520799123842735,"1"
0.0424612489249557,20.4005916847046,30.148944737521,30.6513025134373,8.13193235863,19.3306662591826,3.29316008730093,10.9912498837337,0.514091708769556,"1"
0.0464717269362882,20.6509469293244,31.8987064558864,32.8981733461684,3.81025475347415,19.330961609209,3.29577697191155,10.9302481458522,0.524210703223944,"1"
0.0492497665574774,23.1495291323708,32.6483887864715,32.8992729505729,4.14536444060504,19.330942872473,3.30836760188453,11.1455399072729,0.528791648775805,"0"
0.043995737596415,22.4014377923626,31.8990875047361,32.8994019164639,4.05218396401033,19.3313658176148,3.30843232790474,11.1682896027341,0.530818367265165,"1"
0.150362623003311,29.0284605160998,40.2792410183474,41.0302096856684,4.14658769462258,18.8195800990742,2.7096816732036,8.82932951711118,0.375278639893513,"1"
0.106343268151395,26.5282611827245,38.2810309966048,41.7804752735728,4.18333150912076,18.8188478323352,2.70153017027071,8.98850353294984,0.379696866224986,"1"
0.0525028173346072,24.030213134327,36.7801437248411,37.5287912127525,3.84984448645264,18.8211502165562,2.70852247467963,8.96504015121609,0.373292889841832,"1"
0.054462509425357,23.1694174888507,34.5198222747343,34.5204079453805,4.0024840541184,22.8886795298038,2.99895196259022,9.92239978695288,0.141018723361194,"1"
0.1533481187094,26.5014352275189,38.4014222877026,39.1801140602138,3.86219410244375,22.8906162038334,2.98580535237445,9.82684013461694,0.143396335013676,"0"
0.0479084464581683,23.228616816299,34.4994726527119,34.9991819783896,4.92147698868066,21.8280523857167,2.39873406055849,8.11703818850219,0.59686153549701,"1"
0.100396142634563,20.980380984053,32.0014909740686,32.2502061054437,3.88522161068395,21.8316565190405,2.40582635825034,8.10113945584744,0.612399518522434,"1"
0.147019225433469,28.9998884736029,40.501000107252,40.7516915951017,3.9028265805915,21.8298182158163,2.4108926950302,7.91940530734137,0.603698577003088,"1"
0.298496725205332,22.9796341496175,34.7314620677931,35.4813668419635,3.90818317756057,24.8405137169352,2.10294676372083,10.0899700799026,1.79629350895062,"0"
0.0961739303544164,25.4815455391239,34.9780672468711,35.229417986339,5.15150818815455,24.8391556032291,2.09067350110738,9.91695007383823,1.80188710175687,"1"
0.0597293301299214,22.4787073599901,33.2304679684788,33.7302139357515,6.0901159488596,24.8413729488365,2.08985503745964,10.1303466859274,1.78634013763396,"1"
0.0599200638197362,22.2318643476553,33.2311165977111,33.4801382772792,5.81543327411637,24.8402939996645,2.10065967240371,9.93213362302631,1.80604941399302,"1"
0.141480206665583,22.5785403668452,33.7784336704677,34.3313971295031,3.94705532444641,19.7217817038251,2.4145700443536,7.95490517914295,0.364387398201507,"1"
0.142285640039481,28.2318571649417,36.2193487637946,36.1316801022319,1.87255807267502,19.7214752946384,2.40472002556315,8.02834481811151,0.381239408408292,"0"
0.108385530784726,24.7704714324865,36.0211005521491,36.5190670827227,3.93504340974614,25.2583936940162,1.79350099230185,8.95631277561188,1.35285545488587,"0"
0.151250402652659,25.2718663679436,37.26981091535,37.5212399927937,3.90432809703052,25.2594694977701,1.80414206099929,8.84131892435253,1.36144799531205,"1"
0.154525547935627,27.7681010518437,38.5188025244335,39.2693071524184,3.90865698652342,25.2604008217277,1.79413327597082,9.14945432897657,1.35682616051752,"1"
0.043653546879068,26.4786955853496,37.5686598259434,37.5711050378811,3.8576494040899,20.698308219566,2.33292147892993,10.0204831597395,0.44811849077465,"1"
0.0452679032320157,22.4813576127468,32.2307896975875,32.4817866274128,3.92193751800805,20.7001740548592,2.32375116153387,9.88430947428569,0.455353431352414,"1"
0.0427611040743068,25.4812824403429,34.2517211546022,35.0289594942294,3.87077595368028,20.6984104635362,2.33386000311468,9.81169492527843,0.453798810609151,"1"
0.147684653922915,25.2310204568245,35.5501140630199,36.0703215456735,3.86163417808712,20.6985304954331,2.31762081610272,10.0964438010938,0.441184222558513,"1"
0.153229572214186,28.7298406965369,39.3217715640198,40.4218308469132,3.98901755735278,20.7016597637786,2.32552649603924,9.93742803288624,0.454174707701895,"1"
0.0545266557112336,20.7015876693251,31.2298355781706,31.4808033648804,4.02767212269828,20.7007078136532,2.31047522569075,10.0477437171154,0.461064638171811,"1"
0.0598203475307673,27.2300178107079,38.5702896536598,38.8196492003994,3.83815529113635,20.7019609495457,2.32400279058376,10.112365161255,0.449514533956535,"1"
0.0900616202503443,28.9803418806717,36.2207765728468,36.1282360093938,1.96149083031341,20.7002556671873,2.32799380539916,9.8680820511654,0.445724897528999,"0"
0.0975527255656198,29.6782033537012,44.3517685669474,45.3807180741038,3.04649855373427,22.2091128969314,1.73531986938324,9.11695019165054,1.35890927576926,"1"
0.0521921413531527,27.3185664220061,41.2182453019274,43.0206576085398,3.94019450442865,22.2080600528969,1.72934384695021,9.19733468722552,1.3498217590386,"1"
0.0416329655097798,23.8194793381533,35.2987869077735,35.8797099518161,4.05622446779162,22.2089786777645,1.73892674114322,8.84724849872291,1.35887541814009,"1"
0.109067925680429,24.698472338059,37.6710724264467,38.2684921053574,3.81380751635879,22.2118941103108,1.7304421112244,8.85525822760537,1.3574263123353,"1"
0.0494797696964815,26.1308471958935,38.8483470060183,39.7307874616897,4.15840618936345,22.211412286194,1.72318390063243,9.09059239504859,1.35901426713215,"1"
0.108609822355211,23.2307448683809,35.0212235377804,35.771813709232,4.18074747752398,23.628240017103,2.25634512319928,10.1049141509458,0.907399281451944,"1"
0.0581160885328427,25.2716155909197,36.5490325375674,38.0489224310182,4.07425479348749,23.6303889334146,2.25758819720009,9.81959804845974,0.911851332304068,"1"
0.0554608900984749,25.520444108462,38.8019650022294,39.8013286360176,4.01028516404331,23.6310512733385,2.24888902499573,10.0434809411876,0.914387446583714,"1"
0.100747222257778,28.7715064880801,39.5496839862149,40.3001085289493,2.9650851870887,23.6282178107323,2.2483453940833,9.87693041265011,0.914296517574694,"0"
0.0444794169766828,28.6205372230103,39.7689998444822,40.0218915073508,4.13123225243762,21.2617775280187,2.68647028109757,8.94888537814841,0.384721301367972,"1"
0.157955363774672,25.7703751324145,36.3989854158098,37.9510565984091,3.85110651198775,21.2617454981748,2.71208251261851,8.99208989841864,0.361617037332617,"1"
0.0575994939217344,25.3814314862071,36.6515108288797,37.6794899772936,3.83768823388964,21.2617106998712,2.71490131599829,9.11125275222585,0.389390444804449,"1"
0.10256026100833,24.8706641079066,35.8790682493486,36.1303104218142,3.80035320194438,21.2594560683277,2.68506342357723,8.95407782169059,0.379026759238914,"1"
0.153202732051723,29.6518575382521,40.8003770384835,41.3196236777501,4.11844300860539,21.2603746646345,2.69429177546874,8.88930850131437,0.389871256579645,"1"
0.0579184412350878,24.8710999957891,35.3705973294228,36.1306853636811,4.06223101438954,21.2592020738851,2.68763972447254,8.94079172378406,0.37184590798337,"1"
0.0520283811539412,28.1001953657083,39.2482315359181,40.5304777765339,3.93697988670319,21.2607723583272,2.70460559974657,9.04152465919033,0.364625970858615,"1"
0.0450107856467366,26.0311010405468,37.1714529620875,37.9512475667708,4.16865525953472,21.2617350244783,2.69728857470211,9.07419766141102,0.377789152816404,"1"
0.0457081946637481,24.9803438102705,36.2283217250071,36.7283580491124,3.99177010729909,19.5290658848314,2.70315520611824,9.08010102910921,0.759393497344572,"1"
0.0413927891338244,30.7314425055496,43.2299764194814,43.4798077032445,4.03582088947296,19.5305904565081,2.69782320704777,9.14403438242152,0.754402520419098,"1"
0.0984401427116245,28.2317627934134,39.7313901098212,40.2285737812873,4.03413238972425,19.5303865557732,2.70931610494154,9.01954359803349,0.740062928530388,"1"
0.0437938245618716,34.2315813330822,36.2208775511598,36.1292091674348,1.94798239348456,19.5316072631944,2.69368139057653,8.8771653781645,0.746865857206285,"1"
0.192308904556558,27.2298966863584,40.2287145961532,40.4781532580554,3.86207614829764,19.5318953194581,2.68698320214869,8.96392627228051,0.743654763756786,"1"
0.107603993108496,26.4208944221037,36.0002162838811,36.7787599951224,3.94658714663237,18.3100028173774,2.41085837601917,7.81597985671833,0.29703446959611,"1"
0.0560551881510764,21.478641376446,33.2286160927005,33.9805791134629,4.08237582640722,22.8610778400125,2.69182345539797,8.90016695391387,0.526689747003838,"1"
0.205133640365675,24.728620376287,36.2288672343791,36.480408092632,3.92734870500863,22.8599639827441,2.69322451834101,8.88749099597335,0.523004425358959,"1"
0.20820778763853,26.4981260097763,39.5000345351435,40.0014857009267,3.9969625887461,20.6880662655775,2.71298496424221,9.14502058494836,0.535786226140335,"1"
0.204613462164998,24.7488608962595,37.4999619295606,37.7492949158354,3.89764172164723,20.6896810411112,2.69344485265436,8.97042213585228,0.525365238874219,"1"
0.045805314546451,23.5808471075632,33.8806185961207,34.1288110488253,4.10920538948849,23.6205936665423,3.58925409353105,11.8240563574247,1.18891135846032,"1"
0.106172766839154,20.5016465828894,31.148847099985,31.4013415229097,3.98157008821145,23.6219869706742,3.61050204135943,11.9113705838099,1.20453352943994,"0"
0.0524005744513124,26.8802478830339,37.8792444390822,37.8799546957333,4.03632190758362,23.6207855028072,3.59086413645186,11.8838248933665,1.20352126579732,"1"
0.0565280736424029,25.3803147400906,35.8781424824847,35.8780138390428,3.88856974756345,23.620581810331,3.61498539857799,12.0837589824572,1.18632203632034,"1"
0.0505561250867322,25.6316813833993,38.6286544050025,38.8818986870321,4.07481946451589,23.6202837355863,3.59147609357256,12.143983290717,1.19113648127066,"1"
0.0528123401058838,25.6311686596442,36.3795362799093,36.878071103951,4.01006934270263,23.6180277072554,3.60298561650328,12.0454533415847,1.2128331516101,"1"
0.106705850861035,22.7716516050193,32.6495926181022,32.8999997853674,3.84908289480954,23.6187957090531,3.61432700657286,12.115797744412,1.19962641885504,"0"
0.105948845399544,22.2699395344807,33.4005058893338,33.6497349169236,4.03394234823063,23.6203678076137,3.5970711293933,11.8096660397947,1.18666291406611,"1"
0.0931840484309942,22.0012147731166,31.4015186648322,31.8997317157742,3.84949081297964,23.6218076237664,3.61492477772757,11.8916457974352,1.19622358672321,"0"
0.0414491691673175,25.3783892274573,35.3800241643647,35.8803306382662,3.82383949337527,23.6208520299811,3.58633422126062,12.015722666122,1.19829562609317,"1"
0.0413468859763816,21.9998334134556,33.8789647892024,33.8816133345505,4.15844578379765,23.6217329997942,3.59445881597232,12.1568275805563,1.18936544325901,"1"
0.0968381876684725,25.2498090253761,36.4709931069436,36.7200775400931,3.8532435064204,20.8084699753867,2.71021759387571,8.8757584980689,0.527991823435295,"1"
0.108732555047609,33.8711475552879,36.2215940272184,36.1298985558609,2.02214810065925,20.8086992998775,2.68610393381445,9.17767380867153,0.513576209787279,"1"
0.141581974569708,26.0011923344946,39.5992538584061,39.8719577076053,4.02624494675547,20.8083885905044,2.71120597250294,8.99457523142919,0.535201060494874,"1"
0.144999471027404,26.2513047227077,38.5699608922731,40.9006865526671,4.02821310954168,20.8084713472212,2.70208998556249,9.04619430946186,0.533330663088709,"1"
0.0501892413478345,26.8700243309867,39.0803934868118,39.6005996452402,4.17567763067782,20.8116834302228,2.69316385638434,8.94140773722902,0.530079234866425,"1"
0.101268048430793,32.0685164779909,44.2493647361472,36.1317883968633,1.9888496812433,20.4494628728302,2.69072449573316,8.93102272339165,0.160883592870086,"1"
0.20392229271587,22.4718777479762,33.3008525194563,33.5809164357074,3.96018823990598,20.8302584308609,2.40364220828516,8.0217362661846,0.608413810548373,"0"
0.109247714178637,24.7206855013622,35.3185154859629,35.600824761373,3.89241013852879,20.8314850110086,2.39949308756506,8.04097386850044,0.589796435614116,"1"
0.048379168799147,33.2784864434591,36.2206398571795,36.1297695184182,2.12447672141716,20.5791574846767,0.885318720722571,4.93635844951496,2.54880151503487,"0"
0.204216976403259,32.4805257320125,36.2185818721848,36.1293437583661,2.83017121562734,20.580772837555,0.89795671352651,4.92047388562933,2.55343599576736,"0"
0.0914830951113254,25.0515738294562,36.770692102652,38.3810157335177,4.07381757060066,27.7717618159084,2.99222096451558,10.1152457631193,0.910045167999342,"0"
0.0959715577214956,22.6981515889047,36.2285346766999,36.2294054744728,3.88074321346357,27.768453097132,3.00761338970857,10.0229684541933,0.896346243575681,"1"
0.150404709205031,25.3182805126272,36.771967054693,37.3017899740534,3.819255778566,27.7715050697504,2.999612741007,9.82873423825949,0.887712005409412,"1"
0.0402602153038606,21.4197410041466,31.6786231455756,31.9497435209798,4.05967141231522,27.7706624867581,3.0030612711492,9.89834282808006,0.887188785842154,"1"
0.0557934731803834,25.3198251150791,37.8495525204558,38.3807489751997,4.01089826999232,27.7718648257628,3.00131664151791,10.069222445786,0.896803972385824,"1"
0.0902755574323237,25.948655679075,37.4503021227596,41.2816202031504,3.97593821277842,22.6382944698334,2.68838736687088,8.85370539482683,0.759732846461702,"1"
0.104547958872281,22.7018148274915,32.6996164512942,32.9484792881645,4.11230211239308,22.6404651108431,2.70837506496347,9.00721519337967,0.748513109791093,"1"
0.14470038975589,22.6989375415603,33.698819636777,34.2001239555432,3.80951609872282,22.6393832341069,2.69874202131992,8.89304267540574,0.741712955036201,"1"
0.0969946367293596,25.199639220194,34.2013835467389,34.9501950081,3.83611073372886,22.6399653692255,2.70625583793037,8.89739599954337,0.746657192870043,"1"
0.0415611947281286,27.6981513847914,40.6806594964759,41.469381354061,3.89681108025834,17.3294752565166,2.99599376184633,10.1011185020208,0.666667573358864,"1"
0.100539793688804,26.9189590700399,40.418466714263,40.678177515218,4.04375546732917,17.3299591838773,3.00894925371744,10.1678512407467,0.687691172123887,"1"
0.190013684877194,31.8494953994788,44.3212438985566,44.5819009118779,2.07849230943248,17.3284018920632,2.99301239753142,10.0486862949096,0.669079690673389,"1"
0.0422325766133145,31.84907317176,45.6189121345412,36.130415268709,2.02019486837089,17.3294362268466,3.01496438815026,10.112214894034,0.683642859400716,"0"
0.206140959979966,23.9502619732982,35.0687547330242,35.3286935652206,4.04994384394959,18.8184469464133,3.29408634158084,11.1809188296087,0.536880522009451,"1"
0.0513425311353058,24.5483257221477,37.2696744932253,37.5281382491114,4.12710677646101,16.8511213953728,3.31099904915085,11.1720949493349,0.664654980618507,"1"
0.10604977440089,27.1514060397968,38.8306183807198,39.3508914131317,4.09382630065083,16.851701050004,3.28802135848207,11.1682614694349,0.689205787412357,"1"
0.152582097635604,27.8680410488686,39.8713167911498,40.3817290951665,3.81174067957327,16.8509066115376,3.28528064497746,11.1449520726688,0.672225299156271,"1"
0.101969736511819,32.8508865584014,36.6364132736812,37.181615456635,1.90032400228083,16.8503453019178,3.29613154731458,10.934373745881,0.678677882670891,"0"
0.052049015131779,22.3500576289967,35.481509509041,39.2715052289292,3.96031139241531,24.1397158238264,1.49116996830096,9.88387672854588,1.50432006794494,"1"
0.0550435399636626,23.8802521532252,34.9512761814166,36.2988214968769,4.09507871912792,24.1389080076832,1.51457636913517,10.1878369383514,1.51261136498535,"1"
0.0482673876872286,22.3494096351694,33.0683698790492,34.4203349938933,4.14868512898684,24.1412683412796,1.48633426113753,10.0435602299869,1.50013769416139,"0"
0.057356768543832,24.6814544410761,36.3008244618112,37.6486898131762,4.13303437856957,24.1408109865971,1.51364659301005,9.93527322495356,1.51314151415136,"1"
0.144667740687728,22.851193979973,33.5996063458137,34.148482704211,3.97530287103727,24.1400322483014,1.49730716067133,10.1344703135081,1.51365148844663,"1"
0.041131161483936,25.2506693190364,37.3803519160552,39.5291619008044,4.12828815951943,24.140632080582,1.50410364499781,10.1270155059174,1.49921831957996,"1"
0.158707100185566,27.9718813268878,39.2705865806695,40.07175681761,3.85753794023767,24.1398404007116,1.49285306378268,10.064588106703,1.50988353237743,"1"
0.141161705018021,27.9717569576893,40.0007834762083,40.7518033310073,3.93819502778351,23.5616961342851,0.66759018289391,4.99746600957587,0.910018910514191,"0"
0.0438711408805102,28.4292641348252,42.0213684219318,43.2707129138755,2.99684813255444,23.5610558658736,0.680751377369743,5.19080291762948,0.90407278110506,"1"
0.0546110550779849,34.1791874794671,36.2207070471998,36.1281072683921,1.83332570698112,23.5591234360123,0.669744906225242,4.9968165025115,0.88802674361039,"0"
0.153179944986477,24.7199776402609,34.7213170915348,35.2217637978382,4.19703924451023,23.5603462546011,0.667016803140286,5.05646881302819,0.909972441368736,"0"
0.0937802893808112,28.8994493672932,40.8809254288729,44.7690862823399,4.15185632156208,24.3411155961566,2.40911403837148,8.85097451508045,1.05282279952196,"1"
0.0549927369924262,23.2980832376611,35.3794697394138,35.6309514785334,3.99641283266246,24.3402130653467,2.392631423024,8.84049477977678,1.05394901904278,"1"
0.0430360313178971,30.1980831589513,41.9183409653334,43.2180845127925,4.10259525552392,24.3399703760324,2.39484670691192,8.91078196158633,1.06315804612124,"1"
0.145336992018856,32.2710521632377,44.5197251024386,45.2797096865512,1.84602099983022,24.3393216166003,2.41049819398206,8.86389697240666,1.05997735871701,"1"
0.158676793389022,30.5689933151547,42.0700641950937,42.3189894484607,3.91106139859185,19.5281067795921,2.99288979571313,9.91160289496183,0.452300432841294,"1"
0.191045869635418,31.5695950754052,36.2211611780915,36.129026899416,2.19892347566783,19.5287094061459,2.99652134341188,10.0879453137517,0.440564496698789,"0"
0.194470843560994,29.8199219032945,42.3207228763327,42.5713758608401,1.85138761242852,19.5316940887887,2.99382063079393,9.91394900390878,0.453996142996475,"1"
0.0941019137203693,23.7703187729614,35.5201245990759,36.520357446434,3.85754543226212,19.3312119034566,2.38680723857135,9.04583224887028,0.523364399042912,"1"
0.148686572876759,25.2706196501832,36.7694851388903,37.0200336419782,3.96806515008211,19.3291271969946,2.3898874402768,9.12134480513632,0.520275375768542,"1"
0.197402344425209,26.2684004110154,37.270121788986,37.5194258745899,2.88825926017016,19.3319113606,2.41000536558218,9.02576613007113,0.537673936053179,"0"
0.0573322358215228,24.7710764505211,35.2684962572055,35.519030468137,3.83721077553928,19.3286056583086,2.40967814485542,9.0909789102152,0.539059646066744,"1"
0.148239999301732,23.2700167917022,34.5203622839972,35.5191969474088,4.0885493831709,19.3292919717235,2.4059575028345,8.89098761482164,0.531958248952869,"1"
0.0543974980246276,25.2499017229192,37.2700720912302,37.5195596373938,3.87457368783653,19.4887307555275,1.50445780962473,10.0191482717171,1.50900419144193,"1"
0.0463450927613303,23.5004906156249,34.7706451414768,35.0191480195951,4.04687507431954,19.4914255496142,1.49249019925715,10.0939043265767,1.50593094925163,"1"
0.0572660459391773,21.9995805080673,33.518309068799,33.7710996525362,4.16035952167586,19.4892336072251,1.50539439706597,9.98154350752011,1.49251717706909,"1"
0.0581901247333735,24.9985738697741,37.7691654822836,41.5196471073609,4.0779582743533,19.4908071937785,1.50221712782979,9.86397012565285,1.50100761626847,"1"
0.055887975115329,23.2513403824363,34.7707640131507,38.2689448899319,3.9622617081739,19.4906055048183,1.50716469872044,9.99171508364379,1.51459146659821,"1"
0.0429486209526658,25.7486197236385,36.0200192926079,36.2689374927273,5.02300145784393,19.489776423865,1.50115648053819,9.83687964696437,1.49472466607345,"1"
0.0466762419091538,22.4995366205117,33.5191598676117,34.5214449302424,3.89534686980769,19.4915270826565,1.4961907297885,9.9942990815267,1.51492511678953,"1"
0.0538963641226292,24.2514892904833,37.2705458505359,38.5202468555188,3.91906684078276,19.4888962873872,1.51188973028446,9.801622038614,1.48843465702375,"1"
0.109168659066781,34.6800634264937,43.7785251791859,36.1300913186912,1.89881013184786,19.3592173443669,2.01558761807391,9.04140655566007,1.04646251312457,"1"
0.0903425469482318,23.0519358024579,33.380086909337,33.8995817641076,3.89174383524805,19.3601645748271,2.03085929987021,9.16020219037309,1.03729320328217,"0"
0.101437361147255,26.3789106457336,39.6509901866755,39.648539315979,4.88228896129876,19.3585138832657,2.03077218170045,8.92142022801563,1.04668176233768,"0"
0.140944140879437,23.0518065162161,33.8980159327984,34.4219446343109,3.80226545473561,19.3580708867069,2.03368407808011,9.16656785905361,1.03705362471286,"1"
0.0521279929904267,28.7203621330829,40.7006254162109,40.799693037428,1.87675032392144,19.3588930519996,2.03105836905073,9.1551523162052,1.05874623327283,"0"
0.147208557766862,34.0515978212785,36.2196501482129,36.129045045997,1.88205171311274,19.1102824742664,2.98740123126889,9.91806014562026,0.234455045429058,"0"
0.145671791625209,26.1209298667042,36.2217800391158,36.1292822070774,2.0152142087929,19.1110601975918,3.01371633996489,10.1800674596801,0.229381465434562,"1"
0.15381151556503,26.7988566116821,38.6198699583756,41.8288299240163,2.9444864410907,19.1101171110468,2.98995457499055,9.9332836765796,0.236309204322752,"1"
0.0980076586920768,24.6519783210428,37.8206252640784,38.0818864910575,4.09932578708977,19.109776155184,2.99310428338358,10.1445750202052,0.222482877485454,"1"
0.157442941572517,32.3282304540938,45.3700859621605,36.1298833445804,1.84682762697339,23.438996189977,3.00890627491521,9.84562586313114,0.440254068206996,"1"
0.150349115766585,27.0783426869027,37.5783316918341,40.079132697789,4.18692657463253,23.4408250993649,2.98871455370681,10.1899068356492,0.45613312857924,"1"
0.0968830320471898,28.8296296930416,40.3303691203706,40.8316854059175,3.89721794184297,23.438134158127,2.99185778435552,10.0269672747701,0.451048922294285,"1"
0.0428440030431375,25.8310463819206,37.3317981125871,38.580365791955,3.9630350372754,23.4387371619008,2.9894619814516,10.0709912520833,0.442324677282013,"1"
0.0521645657392219,30.4299486065526,36.2207347360151,36.130176722805,1.87673605447635,20.2000926040718,2.38675820217468,7.93891536062583,0.287477057247888,"1"
0.098555311197415,30.9480687732827,39.3295351263322,44.299325672565,4.08389712460339,20.2009969575889,2.39853200955782,7.88580637024716,0.297744742438663,"1"
0.0521687922580168,29.9002699855585,42.49822668593,43.0218419370065,2.09269402120262,20.2013815486291,2.41471640191739,8.07845439622179,0.292380430544727,"1"
0.107656967979856,28.870313011134,41.9802150517199,43.5508776729386,1.91948330355808,20.1998433240764,2.39965836488642,8.03396855508909,0.307738641661126,"1"
0.29529908485245,24.0008196367146,34.2503215752551,34.4998736061286,3.95376338446513,20.6983238895442,2.68509112879168,8.90163756981492,0.75392619635677,"1"
0.147778021688573,21.2685099066822,32.0193855682267,32.5983424861329,6.04520928040147,27.8890022672471,1.18711391550489,8.10735403643921,1.4910940286424,"1"
0.0993502467451617,21.8306110341856,33.9510401717275,33.9492423633905,4.08414129940793,22.8589765980886,2.69848062589997,9.00667126141489,0.38782761431532,"1"
0.0439723999984562,21.3190288489992,32.701861177491,34.7019984118268,3.80322053292766,22.8603270326992,2.70290629283991,8.89127488704398,0.371737543952186,"1"
0.054678917657584,27.2204311801577,40.7217920923,36.130491235326,3.09358712267131,19.2292111313893,2.70985097934259,8.9045045283623,0.148107682478148,"1"
0.146773140062578,26.7183794849394,39.9687649069605,41.718577024851,4.83642670530826,19.2299596795412,2.68942132082535,8.81321388883516,0.137600935120136,"0"
0.15406561714597,31.2189577190746,36.2210504233753,36.1292685950641,2.18020228343084,19.2316308038393,2.6879486006638,9.05675232801586,0.156258987116162,"1"
0.10509263752494,43.7204197734892,36.220585792779,36.1306040272992,1.87213335428387,19.2306157189356,2.70575424615294,8.80587518941611,0.139444070602767,"0"
0.0565154911438003,26.3008854295006,36.6282135746349,36.9018480792493,4.08130061915144,20.8287420212086,3.0024416664429,10.0221815451048,0.231240271045826,"1"
0.0427492491481826,33.5185931943655,36.2188816009611,36.1280561762108,2.09466105978936,20.831944759394,3.00654527847189,10.1864654277451,0.228339316779748,"1"
0.0446517254319042,26.801298408106,37.4009199859854,37.6695897209542,3.93276446880773,20.8300278075859,2.98801380472491,10.1439361644909,0.215829484616406,"0"
0.053660311922431,30.6706353950799,42.350890552856,43.6485298101455,1.81612184047699,20.8314142466942,3.00442504792241,10.1005307817832,0.226740905181505,"1"
0.107619799193926,22.8698997021429,32.8688818566827,33.1288588382546,4.0101789583452,19.1099778120145,2.70238111952785,9.03488312931731,0.531844472566154,"1"
0.104330740473233,24.6309090189468,36.3980393460579,36.6487572025089,4.09190250271931,19.1113651942695,2.69433031446766,9.18852234361693,0.531317607297096,"1"
0.204160774457268,20.3197425103253,30.3980029747169,30.6488579208385,3.83382269898429,19.1094191964343,2.70646561961621,9.11051927944645,0.518523134377319,"0"
0.156569419982843,23.8785794310682,33.6502248882093,33.898501284074,3.90938667012379,19.110573816671,2.68919919921784,9.15760229425505,0.518963184133172,"1"
0.0475916163437069,22.551205447088,34.1183048852514,34.6212279521618,4.13962390674278,19.1115715892306,2.70493490939029,8.98817068468779,0.519278625380248,"0"
0.157274344176985,22.8717602651753,33.1291656260369,33.6189487530002,4.04910775963217,19.1103219507616,2.71096890802961,8.87866792660207,0.513460949377622,"1"
0.044996197889559,30.6515506691402,42.6480592138004,42.8998036603751,2.03994867866859,19.1103034601789,2.69895114393672,9.07617383282632,0.530518445342314,"0"
0.0994255714584142,24.6193011700939,38.3696318879137,38.6212052962286,3.97686708727852,19.1088549743528,2.70288609027397,9.049381727539,0.512110728551634,"0"
0.14362029180862,20.8017421649555,30.8690472001629,31.11967318366,4.17468896759674,19.1114203608911,2.70176039901562,8.89402382643893,0.534703955550212,"1"
0.203405370255932,26.8981357711293,38.1009976835744,38.8791469237506,3.97835456160828,23.0512466780376,2.70795066992752,8.95366345569491,0.515733371833339,"1"
0.148812622763216,24.3200984480614,36.2300368484305,36.3289441896826,4.04454459510744,23.0516653530197,2.71289151426405,8.96108945421875,0.538184173218906,"1"
0.203301626727916,26.9001845713332,38.7709097391879,39.020669176708,4.13460184643045,19.5691789950924,2.99122576751746,9.89798757191747,0.446314498486463,"1"
0.0919262145552784,29.2312278215857,43.6206161344964,44.6517627951764,1.90531438700855,19.5708299185894,2.99715502861189,9.95727427983656,0.444605944077484,"0"
0.196964374855161,30.4514116558833,42.5210796441957,43.0218899334036,1.95811934350058,22.8589211298367,2.99565142986132,10.19263893608,0.239767894071992,"1"
0.0503185781929642,24.1804255578741,34.199580436456,34.4711630699476,3.85052752597257,22.8590662016254,2.98949941658182,10.1630236440338,0.215044738277793,"1"
0.0493838562257588,23.1695768504273,33.4698433649586,33.9711801691037,3.90555017432198,22.8608541203709,2.99562953782501,9.8888764904812,0.227517023677938,"0"
0.104399909963831,27.9684801676851,38.4989472283814,40.9988870851453,4.00872984007001,22.86102678423,2.99640809786506,10.000929258205,0.218268919133116,"1"
0.0451452812179923,24.43045904148,35.4708970924942,35.721198659719,4.04648495092988,22.8596375181274,3.00700114937732,10.186763443891,0.225685500428081,"1"
0.0450760236382484,19.9516070071636,29.21972385519,29.4694954377012,4.80463690068573,22.8586081924867,2.98760765054729,10.1337961359881,0.236451511778869,"1"
0.0511682562949136,24.1818309222385,34.6982615845315,35.7190704334192,4.16600598869845,22.8611702218754,3.00922060618177,9.89990975176915,0.234975226144306,"1"
0.099417114853859,25.6694898850666,36.7314096189234,37.9808463605298,3.9333636360243,27.3387298408449,2.70072636857629,8.80064336350188,0.753875902220607,"1"
0.0481493484973907,22.299617134871,34.2282193706222,34.4812914885133,4.13963205106556,27.3419522702396,2.69440883312607,9.15127645852044,0.739956351786386,"1"
0.0471369542879984,24.3706950812172,35.2302092309622,35.481475061439,3.85907238554209,27.338362514128,2.70495952509111,8.87712849453092,0.764973077068571,"0"
0.0555919307563454,25.6702381269084,36.9791534841899,37.7297262304556,4.17033138582483,27.3404456059076,2.71173760198988,9.02910671699792,0.74020714252023,"1"
0.0565257476875558,21.7990266952869,32.9805520964218,33.7313129208274,3.90554109904915,27.341699051288,2.70615706651239,8.91467621754855,0.746686287084594,"0"
